fold,test_size,verified_accuracy,tradeable_accuracy,tradeable_count,win_loss_ratio,median_absolute_error,sharpe_ratio,max_drawdown,brier_score,expected_calibration_error
1,2030,0.6369458128078818,0.7645348837209303,344,10.675434517490384,0.020743158477794545,11.666151146713934,0.2062328534410759,0.2281418943489361,0.0321292962821549
2,2030,0.6197044334975369,0.6932153392330384,678,9.93083409535664,0.016623250425475952,8.869213253450738,0.24744294658293786,0.23592162916288706,0.04160525818814026
3,2030,0.5773399014778325,0.5714285714285714,693,1.6768049066201056,0.018874310350882596,5.025261563916419,0.39936473825343055,0.24942124579634045,0.10673111081292498
4,2030,0.5256157635467981,0.6144244105409153,721,0.776520223808215,0.01955091573873618,4.1766841097746825,0.42717562670345166,0.24672823626982646,0.06448568823360232
5,2030,0.49852216748768474,0.5423728813559322,295,0.7314725397267905,0.01654004605152266,1.2663297104430746,0.3114745224417771,0.25374085294244747,0.06562956346844105
